{"cameraMode":{"drawMode":0,"name":"Shaded","section":"Shading Mode"},"sceneLighting":true,"audioPlay":false,"sceneViewState":{"showFog":true,"showMaterialUpdate":false,"showSkybox":true,"showFlares":true,"showImageEffects":true,"showParticleSystems":true},"in2DMode":false,"pivot":{"x":22.136398315429689,"y":3.1514179706573488,"z":-21.85737419128418},"rotation":{"x":0.013307981193065644,"y":-0.9839614629745483,"z":-0.15747083723545075,"w":-0.08317935466766358},"size":1.5060269832611085,"orthographic":false}