{"cameraMode":{"drawMode":0,"name":"Shaded","section":"Shading Mode"},"sceneLighting":true,"audioPlay":false,"sceneViewState":{"showFog":true,"showMaterialUpdate":false,"showSkybox":true,"showFlares":true,"showImageEffects":true,"showParticleSystems":true},"in2DMode":false,"pivot":{"x":20.42418670654297,"y":12.051946640014649,"z":-33.790000915527347},"rotation":{"x":0.0739135891199112,"y":-0.6062385439872742,"z":0.05673222243785858,"w":0.7898484468460083},"size":21.799081802368165,"orthographic":false}